title,description,ms.service
 如何添加或更改 Azure 管理员订阅角色 , 描述如何添加或更改 Azure 共同管理员、服务管理员和帐户管理员。, billing
 无法登陆Azure账号 , 本文将介绍当您发生”无法登陆Azure账号”的解决方案。, billing
 Azure 计费企业 API , 了解使 Azure 企业协议客户能够以编程方式提取消耗数据的报告 API。, billing
 查看企业协议订阅, 如何在多个目录间导航以查看企业协议订阅。, billing
 下载使用量报告 , 了解如何下载企业协议客户使用量报告。, billing
 申请中国税务发票 , 线上购买的用户可在付款后的3天向世纪互联提出开立中国税务发票的申请。本文将介绍发票系统的注册流程与申请发票的具体操作。, billing
 下载月度使用量报告 , 本文将介绍下载使用量报告的具体操作流程。, billing
 防止意外成本，管理计费 , 本文介绍用户如何在使用前评估Azure费用、并在使用过程中了解实际花费。, billing
 企业协议客户取消Azure订阅 , 介绍企业协议客户如何取消Azure订阅。, billing
 变更Azure订阅名称与账户联系方式 , 本文将介绍变更Azure订阅名称与账户联系方式的具体操作步骤。, billing
 Azure 门户或 Azure 帐户中心时出现“找不到任何订阅”错误 , 提供针对登录 Azure 门户或 Azure 帐户中心时出现“找不到任何订阅”错误这一问题的解决方案。, billing
 通过第三方在线支付购买Azure订阅 , 目前中国区 Azure 支持三种支付方式：支付宝、银联在线、电汇。其中支付宝、银联在线为第三方在线支付方式。您可根据需要选择合适的支付方式。, billing
 通过电汇支付标准预付费订阅 , 本文将介绍通过电汇支付标准预付费订阅的具体操作步骤。, billing
 为标准预付费订阅续费充值 , 本文将介绍为标准预付费订阅续费充值的具体操作步骤。, billing
 企业门户中的角色 , 本文描述企业门户中使用到的5种管理角色。, billing
 注册标准预付费订阅 , 本文将介绍注册标准预付费订阅的具体操作流程。, billing
 注册1元试用订阅 , 本文将介绍注册1元试用订阅的具体操作流程。, billing
 重新激活禁用的Azure订阅 , 说明何时会禁用用户的Azure订阅，以及如何重新激活它。, billing
 将Azure企业协议订阅所有权转让给其他帐户 , 介绍如何将Azure企业协议订阅转让给其他用户，以及有关转让过程的一些常见问题 (FAQ), billing
 Azure线上注册的常见问题 , 针对注册Azure的过程中常遇到的问题提供了解决方案。, billing
 解读月度使用量报告 , 了解企业协议客户使用量报告中的字段与内容。, billing
 看懂月度使用量报告 , 本文将介绍如何解读Azure月度使用量报告。, billing
 1元试用订阅升级到标准预付费订阅 , 本文将介绍1元试用订阅升级标准预付费订阅的具体操作步骤。, billing
 将 1 元试用订阅或标准预付费订阅升级到企业协议订阅 , 本文将介绍将 1 元试用订阅或标准预付费订阅升级到企业协议订阅的具体操作步骤。, billing
 通过 Office 365 帐户购买 Azure 订阅 , 了解如何使用 Office 365 帐户购买 Azure 订阅。, billing
 Azure China CDN API doc- preload, Learn How to create Live Streaming acceleration type CDN on Azure Management Portal and default caching rules for Live Streaming CDN, cdn
 Azure China CDN API doc- purge, Learn How to create Live Streaming acceleration type CDN on Azure Management Portal and default caching rules for Live Streaming CDN, cdn
 Azure China CDN API doc- create endpoint, Learn How to create Live Streaming acceleration type CDN on Azure Management Portal and default caching rules for Live Streaming CDN, cdn
 Azure China CDN API doc-delete endpoint, Learn How to create Live Streaming acceleration type CDN on Azure Management Portal and default caching rules for Live Streaming CDN, cdn
 Azure China CDN API doc-dsiable endpoint, Learn How to create Live Streaming acceleration type CDN on Azure Management Portal and default caching rules for Live Streaming CDN, cdn
 Azure China CDN API doc-enable endpoint, Learn How to create Live Streaming acceleration type CDN on Azure Management Portal and default caching rules for Live Streaming CDN, cdn
 Azure China CDN API doc-access control, Learn How to create Live Streaming acceleration type CDN on Azure Management Portal and default caching rules for Live Streaming CDN, cdn
 Azure China CDN API doc-cache policy, Learn How to create Live Streaming acceleration type CDN on Azure Management Portal and default caching rules for Live Streaming CDN, cdn
 Azure China CDN API doc-get bandwidth, Learn How to create Live Streaming acceleration type CDN on Azure Management Portal and default caching rules for Live Streaming CDN, cdn
 Azure China CDN API doc-get usage, Learn How to create Live Streaming acceleration type CDN on Azure Management Portal and default caching rules for Live Streaming CDN, cdn
 Azure China CDN API doc-get endpoint, Learn How to create Live Streaming acceleration type CDN on Azure Management Portal and default caching rules for Live Streaming CDN, cdn
 Azure China CDN API doc- get operation, Learn How to create Live Streaming acceleration type CDN on Azure Management Portal and default caching rules for Live Streaming CDN, cdn
 Azure China CDN API doc-get subscription usage, Learn How to create Live Streaming acceleration type CDN on Azure Management Portal and default caching rules for Live Streaming CDN, cdn
 Azure China CDN API doc-get all endpoints under subscription, Learn How to create Live Streaming acceleration type CDN on Azure Management Portal and default caching rules for Live Streaming CDN, cdn
 Azure China CDN API doc-preload, Learn How to create Live Streaming acceleration type CDN on Azure Management Portal and default caching rules for Live Streaming CDN, cdn
 Azure China CDN API doc-purge, Learn How to create Live Streaming acceleration type CDN on Azure Management Portal and default caching rules for Live Streaming CDN, cdn
 Azure China CDN API doc-signature, Learn How to create Live Streaming acceleration type CDN on Azure Management Portal and default caching rules for Live Streaming CDN, cdn
 Azure China CDN API doc-update access control, Learn How to create Live Streaming acceleration type CDN on Azure Management Portal and default caching rules for Live Streaming CDN, cdn
 Azure China CDN API doc-update cache policy, Learn How to create Live Streaming acceleration type CDN on Azure Management Portal and default caching rules for Live Streaming CDN, cdn
 Azure China CDN API doc-update endpoint, Learn How to create Live Streaming acceleration type CDN on Azure Management Portal and default caching rules for Live Streaming CDN, cdn
 Azure China CDN API doc, Learn How to create Live Streaming acceleration type CDN on Azure Management Portal and default caching rules for Live Streaming CDN, cdn
 Azure CDN FAQ - Azure feature guide, Find answers to service configuration related to Azure CDN, cdn
 Azure CDN FAQ - Azure feature guide, Find answers to common service consulting or inquiries related to Azure CDN, cdn
 Azure CDN FAQ - Azure feature guide, Find answers to common service consulting or inquiries related to Azure CDN, cdn
 How to create Download acceleration type CDN - Azure feature guide, Learn How to create Download acceleration type CDN on Azure Management Portal and default caching rules for Download CDN, cdn
 How to create Live Streaming acceleration type CDN - Azure feature guide, Learn How to create Live Streaming acceleration type CDN on Azure Management Portal and default caching rules for Live Streaming CDN, cdn
 How to create VOD acceleration type CDN - Azure feature guide, Learn How to create VOD acceleration type CDN on Azure Management Portal and default caching rules for VOD CDN, cdn
 How to create Web acceleration type CDN - Azure feature guide, Learn How to create Web acceleration type CDN on Azure Management Portal and default caching rules for Web CDN, cdn
 How to use CDN - Azure feature guide, Learn how to use the Azure Content Delivery Network (CDN) to deliver high-bandwidth content by caching blobs and static content., cdn
 Azure CDN HTTPS加速服务-客供证书, 开通客户自有证书的HTTPS加速的说明和步骤, cdn
 How to use CDN - HTTPS, Learn how to create HTTPS CDN acceleration type., cdn
 Azure China CDN image processing, Learn how to use advanced features of Azure CDN management portal to manage CDN endpoint, cdn
 How to useAzure CDN Management Portal advanced features - Azure feature guide, Learn how to use advanced features of Azure CDN management portal to manage CDN endpoint, cdn
 Azure CDN Management Portal new version guide, Learn how to use advanced features of Azure CDN management portal to manage CDN endpoint, cdn
 Overview of Azure CDN in China - Azure feature guide," Learn the overview of Azure CDN, advantages, typical scenarios and key features.", cdn
 Azure CDN POP - Azure feature guide, Learn Azure CDN Point of Presence in China, cdn
 Overview of Azure CDN in China - Azure feature guide," Learn the overview of Azure CDN, advantages, typical scenarios and key features.", cdn
 Azure 开发人员中心： Azure IoT, Azure 开发人员中心： Azure IoT, iot-hub
 Azure 开发人员中心：JAVA, Azure 开发人员中心：JAVA, multiple
 Azure 开发人员中心：Media Services, Azure 开发人员中心：Media Services, media-services
 Azure 开发人员中心：.NET, Azure 开发人员中心：.NET, multiple
 Azure 开发人员中心：NODEJS, Azure 开发人员中心：NODEJS, multiple
 Azure 开发人员中心：PHP, Azure 开发人员中心：PHP, multiple
 Azure 开发人员中心：PYTHON, Azure 开发人员中心：PYTHON, multiple
 Azure 开发人员中心：RUBY, Azure 开发人员中心：RUBY, multiple
 Azure 开发人员中心：Azure IoT, Azure 开发人员中心：Azure IoT, iot-hub
 应用服务 - Azure 微软云, 应用服务 - Azure 微软云, multiple
 计算 - Azure 微软云, 计算 - Azure 微软云, multiple
 数据服务 - Azure 微软云, 数据服务 - Azure 微软云, multiple
 媒体服务开发人员工具 - Azure 微软云, 媒体服务开发人员工具 - Azure 微软云, multiple
 媒体服务资源-Java - Azure 微软云, 媒体服务资源-Java - Azure 微软云, multiple
 媒体服务资源 - Azure 微软云, 媒体服务资源 - Azure 微软云, multiple
 媒体服务资源 - Azure 微软云, 媒体服务资源 - Azure 微软云, multiple
 移动服务-Android - Azure 微软云, 移动服务-Android - Azure 微软云, mobile-services
 移动服务-iOS - Azure 微软云, 移动服务-iOS - Azure 微软云, mobile-services
 移动服务-Windows - Azure 微软云, 移动服务-Windows - Azure 微软云, mobile-services
 移动服务-xamarin - Azure 微软云, 移动服务-xamarin - Azure 微软云, mobile-services
 Nodejs-应用服务 - Azure 微软云, Nodejs-应用服务 - Azure 微软云, multiple
 Nodejs-计算 - Azure 微软云, Nodejs-计算 - Azure 微软云, multiple
 Nodejs-数据服务 - Azure 微软云, Nodejs-数据服务 - Azure 微软云, multiple
 Azure 开发人员中心：开源软件, Azure 开发人员中心：开源软件, multiple
 Php-应用服务 - Azure 微软云, Php-应用服务 - Azure 微软云, multiple
 Php-云服务 - Azure 微软云, Php-云服务 - Azure 微软云, multiple
 Php-数据管理 - Azure 微软云, Php-数据管理 - Azure 微软云, multiple
 Php-工具 - Azure 微软云, Php-工具 - Azure 微软云, multiple
 Php-虚拟机 - Azure 微软云, Php-虚拟机 - Azure 微软云, multiple
 Php-网站 - Azure 微软云, Php-网站 - Azure 微软云, multiple
 Python-应用服务 - Azure 微软云, Python-应用服务 - Azure 微软云, multiple
 Python-计算 - Azure 微软云, Python-计算 - Azure 微软云, multiple
 Python-数据服务 - Azure 微软云, Python-数据服务 - Azure 微软云, multiple
 Ruby-应用服务 - Azure 微软云, Ruby-应用服务 - Azure 微软云, multiple
 Ruby-计算 - Azure 微软云, Ruby-计算 - Azure 微软云, multiple
 Ruby-数据服务 - Azure 微软云, Ruby-数据服务 - Azure 微软云, multiple
 Azure迁移助手, Azure迁移助手下载和安装 Azure SDK、Azure PowerShell 和用于管理和部署的命令行工具, multiple
 虚拟机优化评估工具, 虚拟机优化评估工具, multiple
 Azure 虚拟机就绪评估, Azure 虚拟机就绪评估, multiple
 定制MySQL Database on Azure服务器参数 | Azure," MySQL 数据库 on Azure支持您根据需求定制化服务器部分参数,帮您了解不同参数的设置范围和区间。", mysql-database-mc
 通过API更新MySQL Database on Azure服务器以便允许Azure服务进行访问 | Azure, 本文介绍如何通过API更新MySQL Database on Azure服务器，以便允许其它Azure服务对其进行访问。, mysql-database-mc
 通过API修改MySQL Database on Azure用户登录密码 | Azure, 本文介绍如何通过API修改MySQL Database on Azure的用户登录密码。, mysql-database-mc
 通过API创建MySQL Database on Azure备份 | Azure, 本文介绍如何通过API创建MySQL Database on Azure的备份。, mysql-database-mc
 通过API创建MySQL Database on Azure数据库 | Azure, 本文介绍如何通过API创建MySQL Database on Azure的数据库。, mysql-database-mc
 通过API创建MySQL Database on Azure防火墙规则 | Azure, 本文介绍如何通过API创建MySQL Database on Azure的防火墙规则。, mysql-database-mc
 通过API创建MySQL Database on Azure数据库访问权限 | Azure, 本文介绍如何通过API创建MySQL Database on Azure的数据库访问权限。, mysql-database-mc
 通过API创建MySQL Database on Azure服务器 | Azure, 本文介绍如何通过API创建MySQL Database on Azure的服务器。, mysql-database-mc
 通过API创建MySQL Database on Azure用户及密码 | Azure, 本文介绍如何通过API创建MySQL Database on Azure的用户及密码。, mysql-database-mc
 通过API删除MySQL Database on Azure备份文件 | Azure, 本文介绍如何通过API删除MySQL Database on Azure的备份文件。, mysql-database-mc
 通过API删除MySQL Database on Azure数据库 | Azure, 本文介绍如何通过API删除MySQL Database on Azure的数据库。, mysql-database-mc
 通过API删除MySQL Database on Azure防火墙规则 | Azure, 本文介绍如何通过API删除MySQL Database on Azure的防火墙规则。, mysql-database-mc
 通过API删除MySQL Database on Azure服务器 | Azure, 本文介绍如何通过API删除MySQL Database on Azure的服务器。, mysql-database-mc
 通过API删除MySQL Database on Azure用户 | Azure, 本文介绍如何通过API删除MySQL Database on Azure的用户。, mysql-database-mc
 通过API查看MySQL Database on Azure数据库信息 | Azure, 本文介绍如何通过API查看MySQL Database on Azure的数据库信息。, mysql-database-mc
 通过API查看MySQL Database on Azure防火墙规则 | Azure, 本文介绍如何通过API查看MySQL Database on Azure的防火墙规则。, mysql-database-mc
 通过API查看MySQL Database on Azure数据库访问权限 | Azure, 本文介绍如何通过API查看MySQL Database on Azure的数据库访问权限。, mysql-database-mc
 通过API查看MySQL Database on Azure服务器状态 | Azure, 本文介绍如何通过API查看MySQL Database on Azure的服务器状态。, mysql-database-mc
 通过API查看MySQL Database on Azure服务器列表 | Azure, 本文介绍如何通过API查看MySQL Database on Azure的服务器列表。, mysql-database-mc
 通过API开启MySQL Database on Azure慢查询日志 | Azure, 本文介绍如何通过API开启MySQL Database on Azure的慢查询日志。, mysql-database-mc
 通过API更改MySQL Database on Azure数据库访问权限 | Azure, 本文介绍如何通过API更改MySQL Database on Azure的数据库访问权限。, mysql-database-mc
 通过API更改MySQL Database on Azure数据库配置 | Azure, 本文介绍如何通过API更改MySQL Database on Azure的数据库配置。, mysql-database-mc
 通过API更改MySQL Database on Azure防火墙规则 | Azure, 本文介绍如何通过API更改MySQL Database on Azure的防火墙规则。, mysql-database-mc
 通过API更改MySQL Database on Azure每日备份时间 | Azure, 本文介绍如何通过API更改MySQL Database on Azure的每日备份时间。, mysql-database-mc
 使用Azure资源管理器模板部署MySQL PaaS | Azure, 本文介绍如何通过Azure资源管理器模板（ARM Template）快速部署MySQL PaaS以及其它热门应用。, mysql-database-mc
 MySQL Database on Azure业务连续性方案 | Azure, 本文提供三种灾难恢复方案，保障用户的业务连续性。, mysql-database-mc
 使用PowerShell管理MySQL Database on Azure | Azure, 本文介绍如何通过PowerShell实现更多MySQL Database on Azure的查询、创建、修改、删除等操作。, mysql-database-mc
 MySQL Database on Azure客户端兼容性问题 | Azure," 针对用户在使用MySQL Database on Azure中遇到的一些常见技术问题,提供快速解答。如果您仍存有疑问,欢迎联系技术支持。", mysql-database-mc
 如何高效连接到MySQL Database on Azure | Azure, 本文介绍如何使用连接池高效连接MySQL Database on Azure。, mysql-database-mc
 MySQL Database on Azure客户端连接问题 | Azure," 针对用户在使用MySQL Database on Azure中遇到的一些常见技术问题,提供快速解答。如果您仍存有疑问,欢迎联系技术支持。", mysql-database-mc
 如何配置数据同步复制到MySQL Database on Azure | Azure, 帮助您了解如何通过数据同步功能将本地MySQL实例复制到云端。, mysql-database-mc
 如何启用MySQL Database on Azure的可读备用库 | Azure, 本文介绍了MySQL PasS可读备用库的实现方法。, mysql-database-mc
 利用Azure资源管理器与PowerShell来部署使用MySQL Database on Azure | Azure, 本文介绍了如何利用Azure资源管理器和PowerShell工具快速部署实现MySQL Database on Azure。, mysql-database-mc
 MySQL Database on Azure快速入门指南 | Azure, 快速入门指南帮助您迅速了解MySQL Database on Azure，让您几分钟内轻松创建、连接、迁移、监控管理您的MySQL数据库。您根据入门指南中的步骤操作，将成功建立使用属于您的MySQL数据库。, mysql-database-mc
 使用MySQL Database on Azure部署Joomla!应用 | Azure, 本文详细解释了如何使用MySQL PaaS服务部署Joomla!应用的相关步骤。, mysql-database-mc
 迁移数据库至MySQL Database on Azure | Azure, 本文详细解释了如何迁移您的数据库至MySQL Database on Azure。, mysql-database-mc
 MySQL Database on Azure如何将MP服务层降级到MS服务层 | Azure, 本文详细解释了如何将MySQL Database on Azure上的MP服务层（MP1或MP2）降级至MS服务层（MS1 - MS6）。, mysql-database-mc
 MySQL Database on Azure服务限制 | Azure, 帮助您了解MySQL Database on Azure目前存在的服务限制。, mysql-database-mc
 监控MySQL Database on Azure核心性能指标 | Azure, MySQL Database on Azure为用户提供核心性能指标的监控，您可以通过Azure管理门户的仪表盘进行查看。, mysql-database-mc
 了解MySQL Database on Azure服务层和版本 | Azure, 针对服务层和不同版本的性能介绍，为您选择MySQL Database on Azure提供了详细的参考。我们按照ASDB基准，提供了不同版本的测试数据供您参考。, mysql-database-mc
 MySQL Database on Azure备份和恢复 | Azure, 本文解释MySQL Database on Azure的备份和恢复功能。, mysql-database-mc
 MySQL Database on Azure主从复制和只读实例 | Azure, 本文介绍了MySQL PasS主从复制和只读实例的实现方法。, mysql-database-mc
 MySQL Database on Azure主从复制问题 | Azure," 针对用户在使用MySQL Database on Azure中遇到的一些常见技术问题,提供快速解答。如果您仍存有疑问,欢迎联系技术支持。", mysql-database-mc
 MySQL Database on Azure安全性问题 | Azure," 针对用户在使用MySQL Database on Azure中遇到的一些常见技术问题,提供快速解答。如果您仍存有疑问,欢迎联系技术支持。", mysql-database-mc
 如何确定工作负荷所需的MySQL Database on Azure服务层 | Azure, 本文介绍MySQL Database on Azure中计算单元的概念，以及根据计算单元选择服务层的对应关系。, mysql-database-mc
 MySQL Database on Azure服务咨询 | Azure," 针对用户在使用MySQL Database on Azure中遇到的一些常见技术问题,提供快速解答。如果您仍存有疑问,欢迎联系技术支持。", mysql-database-mc
 如何使用SSL访问MySQL Database on Azure | Azure,  通过SSL加密访问数据库，可以保障您访问的安全性，本文介绍如何下载并配置SSL证书。目前MySQL Database on Azure支持利用公钥在服务器端进行加密验证。, mysql-database-mc
 MySQL Database on Azure常见技术问题与解答 | Azure," 针对用户在使用MySQL Database on Azure中遇到的一些常见技术问题,提供快速解答。如果您仍存有疑问,欢迎联系技术支持。", mysql-database-mc
 MySQL Database on Azure服务概述 | Azure, MySQL Database on Azure服务概述列举了MySQL Database on Azure云数据库服务的各项特性与优势。, mysql-database-mc
 MySQL Database on Azure时区配置 | Azure, 本文介绍了如何在MySQL Database on Azure上配置时区。, mysql-database-mc
 MySQL Database on Azure如何在客户端配置验证机制确认长连接有效性 | Azure," 针对用户在使用MySQL Database on Azure中遇到的一些常见技术问题,提供快速解答。如果您仍存有疑问,欢迎联系技术支持。", mysql-database-mc
 如何使用MySQL Database on Azure来配置WordPress Web应用 | Azure, WordPress是一种使用非常广泛的CMS系统。本文介绍如何使用MySQL Database on Azure和Azure Web应用来安装配置WordPress。, mysql-database-mc
 如何替换应用的WoSign根证书 | Azure, 本文介绍如何将应用的WoSign根证书替换为DigiCert根证书。, mysql-database-mc
 Azure 在中国  | Azure, Azure 在中国, multiple
 Azure 在中国与海外的主要购买区别  | Azure, Azure 在中国与海外的主要购买区别, multiple
 联系我们 | Azure, 联系我们, multiple
 线上购买  | Azure, 线上购买, multiple
 企业合同用户常见问题  | Azure, 企业合同用户常见问题, multiple
 企业合同购买流程 | Azure, 企业合同购买流程, multiple
 Azure 购买流程  | Azure, Azure 购买流程, multiple
 中国相关法律法规 | Azure, 中国相关法律法规, multiple
 Azure 可用服务 | Azure, Azure 可用服务, multiple
 Azure 服务与支持  | Azure, Azure 服务与支持, multiple
 可信云  | Azure, 可信云, multiple
 为何选择 Azure 中国服务 | Azure, 为何选择 Azure 中国服务., multiple
 Azure 全球服务概述 | Azure, '', multiple
 Azure Global Service Contact us | Azure, '', multiple
 签订企业合同购买Azure服务, 签订企业合同购买Azure服务, multiple
 线上购买Azure服务, 线上购买Azure服务, multiple
 服务级别协议和客户支持服务, 服务级别协议和客户支持服务, multiple
 Azure 全球服务购买渠道和付费方式, Azure 全球服务购买渠道和付费方式, multiple
 Azure 市场 ARM 模板制作指南 | Azure, Azure 市场 ARM 模板制作指南, multiple
 Azure 市场 ARM 模板发布指南 | Azure, Azure 市场 ARM 模板发布指南, multiple
 Azure 市场销售商机 &amp; 商业智能分析 | Azure, Azure 市场销售商机 &amp; 商业智能分析, multiple
 Azure 市场定制服务发布指南 | Azure, Azure 市场定制服务发布指南, multiple
 Azure 相关 | Azure, Azure 相关, multiple
 通用和常见问题 | Azure, 通用和常见问题, multiple
 镜像制作与开发 | Azure, 镜像制作与开发, multiple
 镜像部署与使用 | Azure, 镜像部署与使用, multiple
 镜像发布与维护 | Azure, 镜像发布与维护, multiple
 服务商入驻 | Azure, 服务商入驻, multiple
 Azure 市场 GDPR 合规 | Azure, Azure 市场 GDPR 合规, multiple
 Azure 市场虚拟机镜像制作指南 | Azure, Azure 市场虚拟机镜像制作指南, multiple
 Azure 市场虚拟机镜像发布指南 | Azure, Azure 市场虚拟机镜像发布指南, multiple
 Azure 中国市场参与政策 | Azure, Azure 中国市场参与政策, multiple
 Azure 市场销售商机配置管理 | Azure, Azure 市场销售商机配置管理, multiple
 Azure 中国市场服务商协议 | Azure, Azure 中国市场服务商协议, multiple
 Azure 市场服务商指南 | Azure, Azure 市场服务商指南, multiple
 Azure 市场用户指南 | Azure, Azure 市场用户指南, multiple
 如何配置 Azure Active Directory 账户密码永不过期, 本文适用于未将本地活动目录与 Azure AD 集成的账号。如果需要对集成后的账号配置密码用户过期，请在本地活动目录内对账号进行配置，并使用同步工具将配置同步至 Azure AD。, active-directory
 使用 PowerShell 为批量用户跨订阅赋予 RBAC 权限, 使用 PowerShell 为批量用户跨订阅赋予 RBAC 权限, active-directory
 如何自动化添加默认用户代理权限, 如何自动化添加默认用户代理权限, active-directory
 如何为中国区 Azure AD 开启自定义公司品牌和用户自助密码重置功能, 如何为中国区 Azure AD 开启自定义公司品牌和用户自助密码重置功能, active-directory
 如何通过 PHP 获取 Azure Active Directory 令牌, 通过 PHP 获取 调用 Azure Rest API 所需的 Azure Active Directory 令牌, active-directory
 '如何创建一个使用 Azure AD 调用 Web API 的多租户 SaaS Web 应用程序', '如何创建一个使用 Azure AD 调用 Web API 的多租户 SaaS Web 应用程序', active-directory
 使用 PowerShell 在 Azure Active Directory 中管理域的集成方式, 使用 PowerShell 在 Azure Active Directory 中管理域的集成方式, active-directory
 如何在不添加应用程序的前提下使用 PowerShell 获取 Azure Active Directory 令牌, 使用 PowerShell 在不添加应用程序的前提下获取 Azure Active Directory 令牌, active-directory
 无法使用 Azure AD 连接到 Service Fabric 安全群集, 无法使用 Azure AD 连接到 Service Fabric 安全群集, active-directory
 Python 调用 Graph API 认证出错, 如何解决 Python 调用 Graph API 认证出错的问题, active-directory
 使用 PowerShell 批量删除 Azure Active Directory 用户信息, 使用 PowerShell 导出、导入 .csv 文件的方式批量删除 Azure Active Directory 测试用户信息, active-directory
 Azure Active Directory 中如何删除本机类型的应用, Azure Active Directory 中如何删除本机类型的应用, active-directory
 单点登录后获取当前用户所在组的 ID, 单点登录后获取当前用户所在组的 ID, active-directory
 Azure AD 与 Azure 订阅在中国区 Azure 中的架构限制与最佳实践, Azure AD 与 Azure 订阅在中国的限制以及解决多个 Azure AD 目录关联的最佳实践, active-directory
 通过 Azure AD SAML 协议登录应用报错相关解决方案, 通过 Azure AD SAML 协议登录应用报错相关解决方案。, active-directory
 如何配置网站 Always ON 的默认访问 URL, 如何配置网站 Always ON 的默认访问 URL, app-service
 Web 应用中如何设置静态文件缓存过期时间, Web 应用中如何设置静态文件缓存过期时间, app-service-web
 Web 应用如何添加新的 MIME 类型, Web 应用如何添加新的 MIME 类型, app-service-web
 如何通过 Azure 门户将 Web 应用添加到 Vnet 中, 如何通过 Azure 门户将 Web 应用添加到 Vnet 中, app-service-web
 如何抓取 Web 应用 w3wp 进程的 Crash Dump, 如何抓取 Web 应用 w3wp 进程的 Crash Dump, app-service-web
 如何为 Web 应用配置自定义 Tomcat 环境, 如何为 Web 应用配置自定义 Tomcat 环境, app-service-web
 Web 应用如何配置伪静态, Web 应用如何配置伪静态, app-service-web
 如何在 Web 应用上安装自定义 ISAPI Filter, 以安装 F5XForwardedFor.dll 为例讲述如何在 Web 应用上安装自定义 ISAPI Filter, app-service-web
 如何在 Web 应用上部署 Spring Boot 项目, 创建一个 Spring Boot 的项目并部署到 Azure Web 应用上, app-service-web
 如何部署 Jenkins 网站, 如何部署 Jenkins 网站, app-service-web
 如何使用 Git 部署 Java Web 应用, 如何使用 Git 部署 Java Web 应用, app-service-web
 Web 应用如何集成两个不同虚拟网络, Web 应用如何集成两个不同虚拟网络 Vnet1 和 Vnet2, app-service-web
 Web 应用如何实现反向代理转发功能, 本文介绍了 Azure App Service 如何实现对指定的 URL 进行反向代理转发, app-service-web
 Trigger 模式的 Web 作业如何控制日志数量, Trigger 模式的 Web 作业如何控制日志数量, app-service-web
 如何将 Web 作业中控制台信息写入到存储账号中, 如何将 Web 作业中控制台信息写入到存储账号中, app-service-web
 将 Web 应用服务集成到虚拟网络后的连通性测试, 将 Web 应用服务集成到虚拟网络后的连通性测试, app-service-web
 Http 请求向 Web 应用自动缩放新增实例的平滑过渡, Web 应用自动缩放时，如何避免 ASP.NET 站点部分请求处理缓慢或超时。, app-service-web
 如何运行 idle 时间大于 2 分钟的计划作业, 当 WebJobs 空闲时间超过 2min，Azure 将会中止运行的工作进程，导致 WebJobs 运行失败, app-service-web
 如何验证 Web 应用是否通过 Vnet 成功连接到其它服务, Web 应用配置 Vnet 成功后，无法通过内网访问其他服务, app-service-web
 如何更改计划 Web 作业的 Schedule 时间, 如何更改计划 Web 作业的 Schedule 时间, app-service-web
 如何为 Azure Web 应用配置本地缓存, 如何为 Azure Web 应用配置本地缓存。, app-service-web
 Kudu 管理和诊断 azure web 应用, Kudu 管理和诊断 azure web 应用。, app-service-web
 在 Azure WebApps 中运行64位 Asp.net Core 应用, 在 Azure WebApps 中运行64位 Asp.net Core 应用, app-service-web
 登录 Azure Web 应用 FTP 服务器和 Kudu 站点的几种方法, 本文详细介绍了登录 Azure web 应用 FTP 服务器和 Azure web 应用 Kudu 站点的几种方法。, app-service-web
 访问 Azure Web 应用遇到“指定的 CGI 应用程序遇到错误，服务器终止了该进程”错误, 访问 Azure Web 应用遇到“指定的 CGI 应用程序遇到错误，服务器终止了该进程”错误。, app-service-web
 如何为 Azure Java web 应用配置更大的内存来解决内存不足的问题, 如何为 Azure Java web 应用配置更大的内存来解决内存不足的问题。, app-service-web
 关于 Azure Web 应用 4 分钟空闲连接的限制, 关于 Azure Web 应用 4 分钟空闲连接的限制, app-service-web
 Azure Web 应用配置本地缓存后出现日志中断现象, Azure Web 应用配置了本地缓存后由于 w3wp 进程的中断，日志记录会出现中断现象, app-service-web
 FTP 容量显示说明, FTP 容量显示说明, app-service-web
 不同订阅或者账号下网站如何进行备份还原, 不同订阅或者账号下网站如何进行备份还原(本文以国际版备份至中国版为例), app-service-web
 如何将 Web 应用部署槽连接到 Azure 虚拟网络, 如何将 Web 应用部署槽连接到 Azure 虚拟网络, app-service-web
 如何在 Web 应用实例上住抓取网络日志, 如何在 Web 应用实例上住抓取网络日志, app-service-web
 Azure Web 应用中 Java 加载如何加载证书, Azure Web 应用中 Java 加载如何加载证书(导入自己的证书库), app-service-web
 如何将现有的 Azure Web 应用分离到不同的应用服务计划, 通过管理门户及 PowerShell 将 Azure Web 应用分离到不同的应用服务计划, app-service-web
 如何修改网站默认时区, 如何修改网站默认时区, web-apps-aog
 迁移 Web 应用到新的应用服务计划的相关限制和说明, 迁移 Web 应用到新的应用服务计划的相关限制和说明, app-service-web
 Azure Web 应用对外连接数上限分析, Azure Web 应用对外连接数存在上限，超出后会发生异常, app-service-web
 web 应用中如何下载或播放特殊类型的文件, web 应用中如何下载或播放特殊类型的文件, app-service-web
 如何使用 git submodule 命令部署 Azure Web 应用, 如何使用 git submodule 命令部署 Azure Web 应用, app-service-web
 JAVA 网站上传大文件报 500 错误, JAVA 网站上传大文件报 500 错误, app-service-web
 如何解决 Azure Web 应用日志内容显示乱码的问题, 如何解决门户预览中 Azure Web 应用日志内容显示乱码的问题, app-service-web
 'Azure Web 应用重新配置应用服务计划时无法选择新创建的应用服务计划', 'Azure 应用服务计划由于不在同一区域或同一资源组，出现 Web 应用无法选择新创建的应用服务计划', app-service-web
 通过 FTP 或者 Kudu 删除文件失败, 通过 FTP 或者 Kudu 删除文件失败, web-apps-aog
 '含有部署槽的标准网站无法缩放到基本模式', 'Web 应用删除部署槽后从标准模式缩放到基本模式', app-service-web
 上传超过 2M 的文件到 Azure PHP 网站失败, 上传超过 2M 的文件到 Azure PHP 网站失败, web-apps-aog
 创建的 WebJobs 无法按照 CRON 的设置来启动, 设置中国 UTC 时间使 WebJobs 可以按照 CRON 启动, app-service-web
 使用 Web Jobs SDK 无法多次读取 Azure 队列中的消息, 使用 Web Jobs SDK 无法多次读取 Azure 队列中的消息, app-service-web
 'Web 作业无法直接运行 jar 文件', 'Web 作业无法直接运行 jar 文件', app-service-web
 如何确定后端多站点网站服务请求的主机名, 如何确定后端多站点网站服务请求的主机名, application-gateway
 应用程序网关(application gateway)结合流量管理器(traffic manager)实现更丰富的流量分发场景需求, 应用程序网关(application gateway)结合流量管理器(traffic manager)实现更丰富的流量分发场景需求, application-gateway
 使用应用程序网关的环境下配置 NSG 的注意事项, 使用应用程序网关的环境下配置 NSG 的注意事项, application-gateway
 如何用 OpenSSL 创建自签名证书, 如何用 OpenSSL 创建自签名证书, application-gateway
 如何通过 PowerShell 创建后端池为 Web 应用的应用程序网关以实现端到端 SSL 通信, 如何通过 PowerShell 创建后端池为 Web 应用的应用程序网关以实现端到端 SSL 通信, application-gateway
 如何在使用应用程序网关和 Nginx 的环境下实现强制 HTTPS 跳转, 如何在使用应用程序网关和 Nginx 的环境下实现强制 HTTPS 跳转, application-gateway
 应用程序网关如何基于路径重定向到后端 Web 应用, 应用程序网关如何基于路径重定向到后端 Web 应用, app-service-web
 如何配置应用程序网关使用指定的加密算法接收 HTTPS 的请求并予以验证以及注意事项, 如何配置应用程序网关使用指定的加密算法接收 HTTPS 的请求并予以验证以及注意事项, application-gateway
 分析使用未在 ICP 备案的 Azure 平台公网 IP 或 DNS Name 作为主机名访问 Azure 资源被阻断的原因, 本文针对客户通过 Azure 应用程序网关的公网 IP 或 DNS Name 直接作为 URL 的主机名部分访问 web 资源失败的原因做简单分析。, application-gateway
 如何快速定位应用程序网关 WAF 功能拦截问题, 如何快速定位应用程序网关 WAF 功能拦截问题, application-gateway
 如何排查应用程序网关返回 HTTP Code 502 或客户端得到应用程序网关响应慢的问题(一), 部署在应用程序网关后端池中的 Web 服务器的延迟响应的导致应用程序网关返回 HTTP Code 502, application-gateway
 如何排查应用程序网关返回 HTTP Code 502 或客户端得到应用程序网关响应慢的问题(二), 如何排查应用程序网关后端池中基于 IIS 的 Web 服务器工作异常导致的应用程序网关返回 http code 502 或是客户端得到应用程序网关响应慢的问题, application-gateway
 使用火狐浏览器访问自定义策略的应用网关注意事项, 使用火狐浏览器访问自定义策略的应用网关注意事项, application-gateway
 如何解决当 Web 应用绑定了主机名而无法使用应用程序网关的问题, 如何解决当 Web 应用绑定了主机名而无法使用应用程序网关的问题。, application-gateway
 应用程序网关中如何获取访问者源 IP, 介绍如何在应用程序网关中获取访问者源 IP。, application-gateway
 使用应用程序网关网页载入超过 30 秒（错误代码 502）的解决方法, 如何解决载入超过 30 秒出现 502 错误, application-gateway
 在 Azure 自动化中通过证书管理 Azure 经典资源, 如何在 Azure 自动化中通过证书管理 Azure 经典资源, automation
 通过 Azure Active Directory 认证 Azure 自动化服务, 如何在 Azure 自动化服务中使用 Azure AD 认证, automation
 使用 Azure Automation 实现自动开关虚拟机的操作, 本页介绍如何使用 Azure Automation 实现自动开关虚拟机的操作。, automation
 如何通过自动化任务执行 SQL 脚本, 如何通过自动化任务执行 SQL 脚本, automation
 在 Azure 自动化中按需执行 ARM 虚拟机定时开关机并记录云端日志, 在 Azure 自动化中按需执行 ARM 虚拟机定时开关机并记录云端日志, automation
 在 Azure 自动化中通过证书管理 Resource Manager 资源, 在 Azure 自动化中通过证书管理 Resource Manager 资源, automation
 '如何手动更新 Azure 自动化服务的 PowerShell 模块', '本页介绍如何手动更新 Azure 自动化服务的 PowerShell 模块。', automation
 '使用 Azure 资源策略为资源组中的资源强制添加标记', '使用 Azure 资源策略为资源组中的资源强制添加标记', azure-resource-manager
 从 ASM 升级到 ARM 的虚拟机在进行跨订阅迁移时报错, 解决当尝试将 Azure 资源组迁移到另外一个订阅，而资源组中包含有从 ASM 迁移到 ARM 的虚拟机时的报错问题, azure-resource-manager
 解决订阅欠费在恢复使用后恢复服务保管库仍然提示订阅已过期的问题, 解决订阅欠费在恢复使用后恢复服务保管库仍然提示订阅已过期的问题, backup
 如何用 PowerShell 删除 Azure 虚拟机的备份保管库, 如何用 PowerShell 删除 Azure 虚拟机的备份保管库, backup
 如何手动卸载 Azure Windows 虚拟机的备份扩展, 如何手动卸载 Azure Windows 虚拟机的备份扩展, backup
 Azure 备份代理中设置的备份计划不执行, Azure 备份代理中设置的备份计划不执行, backup
 '如何解决使用 Azure 备份代理备份 Windows Server/Client 出现的错误', '本文主要讲述如何解决使用 Azure 备份代理备份 Windows Server 或 Windows Client 出现的错误。', mysql
 搭建 Windows Batch Python 环境, 解决搭建 Windows Batch Python 环境出错的问题, batch
 CDN 日志下载常见问题, CDN 日志下载常见问题, cdn
 CDN REST 接口调用及说明, CDN REST 接口调用及说明, cdn
 Azure PaaS Compute 诊断数据, Azure PaaS Compute 诊断数据, cloud-services
 如何在云服务中使用离线包发布 Python 应用程序, 如何在云服务中使用离线包发布 Python 应用程序, cloud-services
 如何在 web role 中抓取 IIS dump 文件置, 如何在 web role 中抓取 IIS dump 文件, cloud-services
 如何查看云服务执行的相关操作记录, 本文介绍如何查看云服务执行的相关操作记录, cloud-services
 PaaS云服务如何拒绝可疑 IP 的访问, PaaS云服务如何拒绝可疑 IP 的访问, cloud-services
 如何将文件打包到云服务包中, 通过 Visual Studio 将额外的文件打包到 Cloud Services Package, cloud-services
 云服务实例时间同步问题, 云服务在运行较长时间后不同实例时间差异较大, cloud-services
 关于部署在云服务下的 Java 应用程序会出现过渡环境被 “同步” 到生产环境的问题, 关于部署在云服务下的 Java 应用程序会出现过渡环境被 “同步” 到生产环境的问题, cloud-services
 认知服务 Android 使用示例, 认知服务 Android 使用示例, cognitive-services
 计算机视觉 API C# SDK 使用示例, 计算机视觉 API C# SDK 使用示例, cognitive-services
 情绪识别 API C# SDK 使用示例, 情绪识别 API C# SDK 使用示例, cognitive-services
 中国版认知服务使用指导, 中国版认知服务使用指导, cognitive-services
 C# SDK 调用认知服务时提示 Key 无效, C# SDK 调用认知服务时提示 Key 无效, cognitive-services
 PHP 调用认知服务证书认证问题, PHP 调用认知服务证书认证问题, cognitive-services
 认知服务 Windows 使用示例, 这个示例是一个 Windows 应用程序，用来演示如何使用微软认知服务 API。, cognitive-services
 Azure 计费常见问题 - 数据传输, Azure 计费常见问题 - 数据传输, billing
 Azure 计费常见问题 - 存储与 SQL 数据库, Azure 计费常见问题 - 存储与 SQL 数据库, billing
 Azure 计费常见问题, Azure 计费常见问题, billing
 Azure 门户或 Azure 帐户中心“找不到任何订阅”提示, 针对登录 Azure 门户或账户中心时看到“看来您还未创建任何订阅”信息的解决方案。, billing
 Azure 线上注册的常见问题, 针对注册 Azure 的过程中常遇到的问题提供了解决方案。, billing
 无法登录 Azure 账户, 本文将介绍当您发生 “无法登陆 Azure 账号” 的解决方案。, billing
 如何申请发票？（及常见问题）, 发票相关的申请和常见问题, billing
 '如何申请 Azure 配额资源？', '关于 Azure 配额资源如何申请的流程', multiple
 如何使用账单门户网站？, 帐单门户的功能及使用, multiple
 企业合同用户如何取消订阅？, 订阅管理 - 取消, multiple
 如何创建订阅？, 订阅管理 - 创建, multiple
 如何为企业门户添加账户管理员？, 企业门户添加账户管理员, multiple
 如何在企业门户添加订阅？, 如何为企业账户添加订阅, multiple
 如何使用 O365 管理门户网站？, 如何使用 O365 管理门户网站？, multiple
 如何在企业门户中迁移订阅？, 订阅管理 - 迁移, multiple
 '如何解决在企业门户中无法添加新账户的问题？', '如何解决企业门户中添加新账户报错？', multiple
 '如何解决在企业门户中下载的账单不显示费用的问题？', '如何解决在企业门户中下载的账单不显示费用的问题？', multiple
 如何为订阅充值？（及常见问题）, 如何为订阅充值？（及常见问题）, multiple
 如何重命名订阅？, 订阅管理 - 重命名, multiple
 Azure Cosmos DB Mongo API 如何导出 MongoDB 数据, Azure Cosmos DB Mongo API 如何导出 MongoDB 数据, cosmos-db
 如何解决 Cosmos DB 使用 Mongo API 时遇到的连接错误, 如何解决 Cosmos DB 使用 Mongo API 时遇到的连接错误, cosmos-db
 基于 Apache Storm 消费 Azure 事件中心消息, 基于 Apache Storm 消费 Azure 事件中心消息, event-hubs
 基于直接接收的方法消费 Azure 事件中心消息, 基于直接接收的方法消费 Azure 事件中心消息, event-hubs
 基于 EventProcessorHost 消费 Azure 事件中心消息, 基于 EventProcessorHost 消费 Azure 事件中心消息, event-hubs
 PowerShell 创建事件中心报错, 使用 PowerShell 创建事件中心时产生 'The pipeline has been stopped' 错误, event-hub
 Azure 事件中心 Java 编程的那些事, Azure 事件中心 Java 编程的那些事, event-hubs
 使用 Azure 门户创建 Express Route, 使用 Azure 门户创建 Express Route, express-route
 ExpressRoute 是否支持网络流量的 QOS, 本文主要针对用户本地网络通过 ExpressRoute 专线连通到 Azure 相应的虚拟网络内部资源后，在网络传输中是否支持 QOS 做说明。, expressroute
 如何使用 Curl 停止 Spark 中某个正在运行的 Yarn 作业," 在 Spark 群集中，如果想停止某个正在运行的 Yarn 作业, 不仅可以使用 SSH 登录后来停止，也可以通过 Curl 来提交停止的请求。", hdinsight
 如何使用 REST API 访问 HBase 数据, 如何使用 REST API 访问 HBase 数据, hdinsight
 如何自定义 HDInsight Storm 日志文件大小, 如何自定义 HDInsight Storm 日志文件大小, hdinsight
 如何下载 HDInsight-Linux-Storm 拓扑日志, 如何下载 HDInsight-Linux-Storm 拓扑日志, hdinsight
 Windows HDInsight 群集向 Linux 环境迁移示例之 HBase 篇, Windows HDInsight 群集向 Linux 环境迁移示例之 HBase 篇, hdinsight
 如何合理的利用 HDInsight 并节省费用, 如何合理的利用 HDInsight 并节省费用, hdinsight
 HDInsight Clamav 进程占用 CPU 100%, HDInsight Clamav 进程占用 CPU 100%, hdinsight
 '如何解决 HDInsight 群集仪表板登录时的 403 错误', '本文主要讲述如何解决 HDInsight 群集仪表板登录时的 403 错误', hdinsight
 如何关闭 HDInsight 节点打补丁后强制重启的设置, 如何关闭 HDInsight 节点打补丁后强制重启的设置, hdinsight
 HBase 集群的 Ambari Metrics 服务崩溃后修复方法, HBase 集群的 Ambari Metrics 服务崩溃后修复方法, hdinsight
 如何解决 HDinsight 使用 Hive 时遇到的异常错误, 本文旨在如何解决 Hive I/O exception：OCR does not support type conversion, hdinsight
 Ambari 上执行 Hive 查询语句的两个最佳实践, Ambari 上执行 Hive 查询语句的两个最佳实践, hdinsight
 使用 Yarn 管理 HDInsight 任务资源分配, 使用 Yarn 管理 HDInsight 任务资源分配, hdinsight
 HDInsight Spark 集群出现异常警报, HDInsight Spark 集群出现异常警报, hdinsight
 如何解决无法创建 IoT Hub 的问题, 如何解决无法创建 IoT Hub 的问题, iot-hub
 使用 EventHubClient 连接 IoT 中心的正确连接字符串, 使用 EventHubClient 连接 IoT 中心的正确连接字符串, iot-hub
 使用 MQTT.FX 工具连接 IoT Hub, 使用 MQTT.FX 工具连接 IoT Hub, iot-hub
 如何通过代码查询 IoT Hub 的作业信息, 如何通过代码查询 IoT Hub 的作业信息, iot-hub
 .Net 接收 IotHub 消息的两种方式, 本文讲述.Net 接收 IotHub 消息的两种方式, iot-hub
 Node JS 如何使用 MQTT 协议调用“直接方法”, Node JS 如何使用 MQTT 协议调用“直接方法”, iot-hub
 如何设置 IoT 中心云到设备消息的默认 TTL 为分钟级别, 如何设置 IoT 中心云到设备消息的默认 TTL 为分钟级别, iot-hub
 Azure Key Vault 管理存储帐户密钥, Azure Key Vault 管理存储帐户密钥, key-vault
 如何使用 Java 操作密钥保管库管理及客户端 API, 如何使用 Java 操作密钥保管库管理及客户端 API, keyvault
 解决由于 Key Vault 未启用导致 VM 无法启动的问题, 解决由于 Key Vault 未启用导致 VM 无法启动的问题, key-vault
 如何使用密钥管理库导入 PEM 格式的证书, 如何使用密钥管理库导入 PEM 格式的证书, keyvault
 使用 PowerShell 脚本查看 ARM 模式下 SLB 配置, 使用 PowerShell 脚本查看 ARM 模式下 SLB 配置, load-balancer
 使用 PowerShell 查看经典模式下的负载均衡配置, 通过 PowerShell 脚本程序查看经典模式下的负载均衡配置, load-balancer
 Apache KeepAlive 引发的 HTTP 探测问题及解决办法, Apache KeepAlive 引发的 HTTP 探测问题及解决办法, virtual-machines
 配置问题导致负载均衡器间歇性丢包或负载不均衡, 配置问题导致负载均衡器间歇性丢包或负载不均衡, load-balancer
 安卓 SDK 无法识别 Azure 媒体服务发布的 HLS 视频地址, 如何解决安卓 SDK 无法识别 Azure 媒体服务发布的 HLS 视频地址的问题。, media-services
 如何使用 Azure Media Service Explorer 添加水印, 如何使用 Azure Media Service Explorer 添加水印(循环或淡入淡出效果), media-services
 如何为媒体服务视频加载字幕, 本文以 Azure Media Player 作为播放器，目前 AMP 所支持的字幕格式为 WebVTT 格式，登陆 Azure 门户，上传字幕文件, media-services
 Azure 媒体直播服务操作流程, 以 Wirecast 为例，讲述 Azure 媒体直播服务操作流程, media-services
 使用 Azure Meida Player 无法在某些手机浏览器播放视频, 使用 Azure Meida Player 无法在某些手机浏览器播放视频, media-services
 如何下载直播生成的视频文件, 使用媒体服务的直播服务后，会产生归档文件，如何将其下载到本地, media-services
 通过 Java 上传大文件到媒体服务账号报错, Java 通过分片的方式上传大文件到媒体服务账号中, media-services
 媒体服务常见故障解决方案, 媒体服务常见故障解决方案, media-services
 Azure 虚拟机诊断图表的显示, Azure 虚拟机诊断图表的显示, monitoring-and-diagnostics
 收到异常的监视指标相关的警报邮件, 收到异常的监视指标相关的警报邮件, monitoring-and-diagnostics
 理解 Azure 存储的监控, 理解 Azure 存储的监控, monitoring-and-diagnostics
 如何配置 Azure ASM Windows 诊断扩展及自定义性能指标, 如何配置 Azure ASM Windows 诊断扩展及自定义性能指标, monitoring-and-diagnostics
 理解 Azure Linux 虚拟机的诊断工作原理, 理解 Azure Linux 虚拟机的诊断工作原理, monitoring-and-diagnostics
 '理解 Azure 虚拟机的负载监控', '理解 Azure 虚拟机的负载监控', monitoring-and-diagnostics
 如何解决 MySQL Database on Azure 中无法创建函数的问题, 如何解决 MySQL Database on Azure 中无法创建函数的问题, MySQL
 如何对 Azure MySQL 连接进行故障排查, 如何对 Azure MySQL 连接进行故障排查, mysql
 如何解决 MySQL DataBase on Azure 慢查询日志无法下载的问题, 如何解决 MySQL DataBase on Azure 慢查询日志无法下载的问题, mysql
 MySQL Database on Azure 的高可用文档, MySQL Database on Azure 的高可用文档, MySQL
 '使用可读备份库提升 MySQL Database on Azure 的高可用性', '本文主要讲解可读备份库的工作原理及相关限制。', mysql
 跨资源组移动 MySQL 实例的替代方案, 跨资源组移动 MySQL 实例的替代方案, mysql
 如何使用 MySQL EntityFramework 组件处理 MYSQL PaaS DB, 演示如何使用 MySQL EntityFramework 组件对 MySQL PaaS DB 进行操作, mysql
 自动抓包实施网络入侵检测, 自动抓包实施网络入侵检测, network-watcher
 Azure 通知中心结合 Android 百度云推送实现消息定制化服务, Azure 通知中心结合 Android 百度云推送实现消息定制化服务, notification-hubs
 百度推送服务绑定关系未找到或不存在, 通过调用 Baidu Push API 修复 Bind Relation Not Found 错误, notification-hubs
 百度推送通过获取注册信息失败, 介绍如何解决百度推送过程中的注册问题。, notification-hubs
 使用 Azure PowerShell 创建通知中心, 本文主要介绍如何使用 PowerShell 基于 ARM 模式创建通知中心。, notification-hubs
 如何根据通道信息获取通知中心中的注册信息, 如何根据通道信息获取通知中心中的注册信息。, notification-hubs
 在.Net Core 的环境下使 UWP 可以正常接收 Azure Notification Hub event, 在.Net Core 的环境下使 UWP 可以正常接收 Azure Notification Hub event, notification-hubs
 如何解决中国区 Azure 门户登录失败的问题, 如何解决中国区 Azure 门户登录失败的问题, azure-portal
 如何通过 PowerShell调用 RateCard API, 如何通过 PowerShell调用 RateCard API, multiple
 Azure PaaS 服务密钥的安全性, 如何保证 Azure PaaS 服务密钥的安全性, multiple
 如何通过 Python 获取 Token 操作资源, 如何通过 Python 获取 Token 操作资源, multiple
 Eclipse 使用认证文件登录 Azure, 本主要介绍如何在 Eclipse 中使用认证文件的方式登录 Azure, redis-cache
 VS2015 直接使用账户登录 Azure, VS2015 直接使用账户登录 Azure。, multiple
 VS2017 直接使用账户登录 Azure, 如何在 Visual Studio 2017 使用账户登录中国区 Azure, multiple
 未注册 Resource Provider 异常, 通过注册 Resource Provicder 解决使用 PowerShell 出现模块未注册的异常, multiple
 如何在 Proxy 环境下正确使用 PowerShell 工具发送 web http 请求, 如何在 Proxy 环境下正确使用 PowerShell 工具发送 web http 请求, multiple
 手动安装 Azure for Python SDK, 手动安装 Azure for Python SDK, multiple
 Mac OS 环境下无法使用 PowerBI-Cli 工具故障排查, Mac OS 环境下无法使用 PowerBI-Cli 工具故障排查, power-bi-embedded
 PowerBI-Cli 工具使用指南, PowerBI-Cli 工具使用指南, power-bi-embedded
 Power BI PaaS 和 SaaS 的 Embed 服务区别, Power BI PaaS 和 SaaS 的 Embed 服务区别, power-bi-embedded
 有关 Power BI Embedded 会话计费的常见问题及回答, 有关 Power BI Embedded 会话计费的常见问题及回答, power-bi-embedded
 PowerShell 脚本调用 Post Import 功能故障排查, PowerShell 脚本调用 Post Import 功能故障排查, power-bi-embedded
 Power BI Embedded 的工作流及相关 REST API 命令介绍, Power BI Embedded 的工作流及相关 REST API 命令介绍, power-bi-embedded
 Power BI Embedded 官方新版示例(2017 年 4 月版)配置步骤, Power BI Embedded 官方新版示例(2017 年 4 月版)配置步骤, power-bi-embedded
 Azure Redis 最佳实践, Azure Redis 最佳实践, redis-cache
 Redis Cache 常见问题解答, Redis Cache 常见问题解答, redis-cache
 如何使用 PowerShell 开启 Redis 诊断功能, 本主要介绍如何使用 PowerShell 开启 Redis 的诊断功能, redis-cache
 如何使用 PowerShell 开启 Redis 诊断功能, 如何使用 PowerShell 开启 Redis 诊断功能, redis-cache
 如何迁移 Azure Redis, 如何迁移 Azure Redis, redis-cache
 如何使用 Redis-Cli 连接到 Azure Redis 缓存, 如何使用 Redis-Cli 连接到 Azure Redis 缓存, redis-cache
NA,NA,NA
 使用 Azure Java SDK 管理 VM, 本文介绍如何使用 Azure Java SDK 管理 VM, virtual-machines
 C# 获取虚拟机监控数据, 如何通过 C# 获取虚拟机监控数据, multiple
 使用 PowerShell 调用 REST API 完成经典部署资源的跨订阅迁移, 使用 PowerShell 调用 REST API 完成经典部署资源的跨订阅迁移, multiple
 如何使用 paho mqttv3 库发送消息到 Azure IoT 中心, 如何使用 paho mqttv3 库发送消息到 Azure IoT 中心, multiple
 使用 Paho MQTT For Python 发送接收 IOT Hub 消息示例代码, 使用 Paho MQTT For Python 发送接收 IOT Hub 消息示例代码, iot-hub
 IoT 中心管理 .NET 示例代码, IoT 中心管理 .NET 示例代码, iot-hub
 如何向 Key Vault 中上传 PKCS#1 编码格式的证书, 如何向 Key Vault 中上传 PKCS#1 编码格式的证书, key-vault
 密钥保管库 Java 代码示例, 密钥保管库 Java 代码示例, multiple
 使用 PowerShell 脚本为 Windows 虚拟机开启 Azure 磁盘加密功能, 使用 PowerShell 脚本为 Windows 虚拟机开启 Azure 磁盘加密功能, multiple
 Azure 服务总线 API 调用示例, Azure 服务总线 API 调用示例, multiple
 Azure 服务总线性能基准测试示例代码, Azure 服务总线性能基准测试示例代码, multiple
 Azure 服务总线中继消息 REST 代码示例, Azure 服务总线中继消息 REST 代码示例, multiple
 使用 PowerShell 将存储服务表数据导出到 csv 文件, 使用 PowerShell 将存储服务表数据导出到 csv 文件, storage
 如何使用 .NET SDK 读取存储服务 Table 中的数据获取与 Redis 相关的度量值, 本文讲述如何使用 .NET SDK 读取存储服务 Table 中的数据获取与 Redis 相关的度量值, storage
 使用 Java 获取经典模式虚拟机监视数据, 如何通过 Java 获取经典模式虚拟机监视数据, multiple
 使用 PowerShell 脚本查询 Azure 虚拟机标准磁盘用量, 使用 PowerShell 脚本查询 Azure 虚拟机标准磁盘用量, storage
 如何为 Azure Service Bus 和 Azure IoT Hub 生成 SharedAccessSignature, 如何为 Azure Service Bus 和 Azure IoT Hub 生成 SharedAccessSignature, service-bus
 使用 JAVA AMQP 协议如何订阅启用分区功能的 Azure 服务总线主题的消息, 借助 Java JMS API 使用 AMQP 协议订阅启用分区的 Azure 服务总线主题的消息, service-bus
 使用 python 获取服务总线消息, 通过更新解决 azure-servicebus v0.20.2 之前版本的问题, service-bus
 构建混合应用方式之混合连接, 构建混合应用方式之 - 混合连接, service-bus-relay
 构建混合应用方式之 - WCF 中继, 构建混合应用方式之 - WCF 中继, service-bus-relay
 使用 netTCPRelay 绑定的 WCF 中继发送大于 64k 消息时报通信异常, 使用 netTCPRelay 绑定的 WCF 中继发送大于 64k 消息时报通信异常, service-bus-relay
 Azure Web 应用连接 Service Bus 出现证书错误的解决方案, Azure Web 应用连接 Service Bus 出现证书错误的解决方案, service-bus
 Service Fabric 部署程序后外网如何访问, Service Fabric 部署程序后外网如何访问, service-fabric
 手动收缩 Service Fabric 的虚拟机规模集, 手动收缩 Service Fabric 的虚拟机规模集, service-fabric
 如何设置安全 Service Fabric 集群的证书信息, 如何设置安全 Service Fabric 集群的证书信息, service-fabric
 如何为开启安全认证的 Service Fabric 设置自定义域名, 如何为开启安全认证的 Service Fabric 设置自定义域名, service-fabric
 如何查看和收集 Service Fabric 中 ASP.NET Core 应用产生的日志, 如何查看和收集 Service Fabric 中 ASP.NET Core 应用产生的日志, service-fabric
 如何在 Servcie Fabric 项目中运行 Entity Framework 的 Enable-Migrations 命令, 如何在 Servcie Fabric 项目中运行 Entity Framework 的 Enable-Migrations 命令, service-fabric
 通过 SQL Server Management Studio 快速实现 Azure SQL 数据仓库间数据表迁移, 通过 SQL Server Management Studio 快速实现 Azure SQL 数据仓库间数据表迁移, sql-data-warehouse
 使用 Microsoft JDBC Driver 连接 Azure SQL Database, 使用 Microsoft JDBC Driver 连接 Azure SQL Database, sql-database
 Azure SQL 数据库常见的连接问题, Azure SQL 数据库常见的连接问题, sql-database
 有关 Azure SQL 数据库导出功能的常见问题及回答, 有关 Azure SQL 数据库导出功能的常见问题及回答, sql-database
 如何将 Azure SQL 数据库时区修改为中国时间, 如何将 Azure SQL 数据库时区修改为中国时间, sql-database
 JDBC 如何连接 SQL Azure 数据库, JDBC 如何连接 SQL Azure 数据库, sql-database
 如何解决 Azure  Always On listener 无法访问的问题, 如何解决 Azure  Always On listener 无法访问的问题, sql-database
 如何手动设置发送心跳信号防止数据库连接过期, 如何手动设置发送心跳信号防止数据库连接过期, sql-database
 如何创建事务复制将本地数据同步到 SQL Azure, 如何创建事务复制将本地数据同步到 SQL Azure, sql-database
 如何查看 SQL Azure 数据库死锁 (DB POD), 如何查看 SQL Azure 数据库死锁 (DB POD), sql-database
 Azure 存储分析日志常见问题, Azure 存储分析日志常见问题, storage
 如何使用 PowerShell 对 Azure 存储的追加 Blob (Append Blob) 进行读写, 如何使用 PowerShell 对 Azure 存储的追加 Blob (Append Blob) 进行读写, storage
 Page Blob 文件释放租约工具, 通过 Page Blob 文件释放租约工具解决删除 Page Blob 文件被占用的问题, storage
 如何调用 API 获取 Azure 文件存储中文件的 MD5, Azure storage file中api获取不到MD5的问题解释。, storage
 通过 PowerShell 统计存储服务每日文件新增数量, 通过 PowerShell 统计存储服务每日文件新增数量, storage
 如何配置 Azure Blob 存储中文件的互联网媒体类型, 配置 Azure Blob 存储中文件的互联网媒体类型以避免被点击时反复下载, storage
 上传大文件到 Azure 存储块 Blob, 上传大文件到 Azure 存储块 Blob, storage
 Azure Blob 存储基于 MD5 的完整性检查, Azure Blob 存储如何通过 MD5 检查上传文件完整性, storage
 关于 wget 下载 Blob 文件如何断点续传, 关于 wget 下载 Blob 文件如何断点续传。, storage
 IE 或 Edge 浏览器通过 SAS 访问 File 文件只能访问一次, IE 或 Edge 浏览器通过 SAS 访问 File 文件只能访问一次, storage
 使用 fio 工具对 Azure 存储进行 IOPS 测试, 介绍如何使用 fio 工具对 Azure 存储进行 IOPS 测试。, storage
 如何创建存储账号及容器, 本页介绍如何创建存储账号及容器。, storage
 如何为Azure存储的Blob创建SAS（共享访问签名）令牌, 如何为Blob创建SAS令牌, storage
 如何解决 Block Blob 读取速度慢的问题, 如何解决 Block Blob 读取速度慢的问题, storage
 通过AzCopy操作Azure存储, 本页介绍如何使用AzCopy操作storage。, storage
 Python 操作存储获取指定目录 Blob 文件的实现, 如何使用 Python 操作存储获取指定目录 Blob 文件, storage
 如何设置 Azure Storage 支持 Flash 跨域, 如何设置 Azure Storage 支持 Flash 跨域, storage
 使用 Javascript 实现跨域上传文件到存储, 使用 Javascript 实现跨域上传文件到存储, storage
 如何使用 Azure blob storage 在浏览器中实现对媒体文件拖拽点播, 如何使用 Azure blob storage 在浏览器中实现对媒体文件拖拽点播。, storage
 存储 REST 接口调用使用说明及范例, 存储 REST 接口调用使用说明及范例, storage
 Storage Table Rest API 调用示例, Storage Table Rest API 调用示例, storage
 使用命令行如何调整 VMSS Autoscaling 的属性, 使用命令行如何调整 VMSS Autoscaling 的属性, virtual-machine-scale-sets
 为运行中的 Linux VMSS 启用诊断, 为运行中的 Linux VMSS 启用诊断, virtual-machine-scale-sets
 'ARM 虚拟机使用同一个公共 IP 访问公网的解决方案', 'ARM 虚拟机使用同一个公共 IP 访问公网的解决方案', virtual-machines
 将虚拟机添加到可用性集中, 本页介绍如何将虚拟机添加到可用性集中。, virtual-machines
 如何利用负载均衡器为现有 ARM 虚拟机配置高位端口映射, 如何利用负载均衡器为现有 ARM 虚拟机配置高位端口映射, virtual-machines
 利用模板部署为现有 ARM 虚拟机添加可用性集, 如何使用 ARM 模板为现有虚拟机添加可用性集, virtual-machines
 Java 如何启用 ARM 虚拟机诊断, Java 如何启用 ARM 虚拟机诊断, virtual-machines
 通过 Powershell 来替换 ARM 模式下虚拟机的网络接口, 通过 Powershell 来替换 ARM 模式下虚拟机的网络接口, virtual-machines
 通过 Powershell 来调整 ARM 模式下虚拟机的尺寸, 通过 Powershell 来调整 ARM 模式下虚拟机的尺寸, virtual-machines
 如何在 ASM 环境下部署以及迁移 ER/S2S 共存环境, 如何在 ASM 环境下部署以及迁移 ER/S2S 共存环境, virtual-machines
 如何为经典虚拟机附加磁盘, 如何使用 ps 为经典虚拟机附加磁盘, virtual-machines
 释放虚拟磁盘未使用空间来减少计费容量, 如何释放未使用的虚拟磁盘空间来减少费用, billing
 经典高级虚拟机使用启动诊断功能的注意事项, 经典高级虚拟机使用启动诊断功能的注意事项, virtual-machines-linux
 理解 Azure 平台中虚拟机的计算能力, 理解 Azure 平台中虚拟机的计算能力, monitoring-and-diagnostics
 理解及快速测定 Azure 虚拟机的磁盘性能, 理解及快速测定 Azure 虚拟机的磁盘性能, virtual-machines
 使用 REST 接口获取订阅下虚拟机信息, 使用 REST 接口获取订阅下虚拟机信息, virtual-machines
 ARM 中可用性集使用的注意事项, ARM 中可用性集使用的注意事项, virtual-machines
 如何查找并删除未被使用的托管磁盘, 如何查找并删除未被使用的托管磁盘, virtual-machines
 如何查找并删除未被使用的非托管磁盘源 .vhd 文件, 如何查找并删除未被使用的非托管磁盘源 .vhd 文件, virtual-machines
 调整虚拟机的尺寸, 本文介绍如何调整虚拟机的尺寸, virtual-machines
 自动化实现定时关闭虚拟机, 在虚拟机中配置如何定时关闭虚拟机, virtual-machines
 如何禁用虚拟机的临时盘, 如何禁用虚拟机的临时盘, virtual-machines
 如何禁用 Azure 虚拟机的日期时间同步, 如何禁用 Azure 虚拟机的日期时间同步, virtual-machines
 如何复制或导出托管磁盘, 如何复制或导出托管磁盘, virtual-machines
 如何定位虚拟机内部附加的数据磁盘, 如何定位 Linux 及 Windows 虚拟机内部附加的数据磁盘, virtual-machines
 如何将同一云服务下的虚拟机从经典部署模型迁移到 Azure Resource Manager, 如何将同一云服务下的虚拟机从经典部署模型迁移到 Azure Resource Manager, virtual-machines
 如何将同一 VNET 下的虚拟机从经典部署模型迁移到 Azure Resource Manager, 如何将同一 VNET 下的虚拟机从经典部署模型迁移到 Azure Resource Manager, virtual-machines
 如何查询虚拟机流量异常及相关安全加固建议, 如何查询虚拟机流量异常及相关安全加固建议, virtual-machines
 使 Azure 虚拟机可 Ping 的方法, 开启实例级公共 IP 使 Azure 虚拟机开放 Ping 功能, virtual-machines
 基于 Azure 托管磁盘配置高可用共享文件系统, 基于 Azure 托管磁盘配置高可用共享文件系统, virtual-machines
 如何将使用托管磁盘虚拟机的 OS 盘挂载到其他虚拟机上, 如何将使用托管磁盘虚拟机的 OS 盘挂载到其他虚拟机上, virtual-machines
 理解托管磁盘的原理与优势, 理解托管磁盘的原理与优势, virtual-machines
 如何处理托管磁盘 OS 盘无法创建虚拟机的问题, 如何处理托管磁盘 OS 盘无法创建虚拟机的问题, virtual-machines
 关于托管磁盘的复制, 关于托管磁盘的复制, virtual-machines
 以删除重建的方式修复托管磁盘虚拟机, 以删除重建的方式修复托管磁盘虚拟机, virtual-machines
 以复制重建的方式修复托管磁盘虚拟机, 以复制重建的方式修复托管磁盘虚拟机, virtual-machines
 Azure 托管镜像和非托管镜像对比, Azure 托管镜像和非托管镜像对比, virtual-machines
 存储账户之间转移虚拟机, 存储账户之间转移虚拟机, virtual-machines
 理解 Azure 虚拟机的性能监视, 理解 Azure 虚拟机的性能监视, virtual-machines
 通过 PowerShell 的方式增加经典虚拟机终结点, 如何通过 ps 为经典虚拟机增加终结点, virtual-machines
 Python 基于固定 IP 来命名 ARM 虚拟机的实现, 如何通过 Python 批量创建基于固定 IP 来命名的 ARM 虚拟机, virtual-machines
 订阅无法在 ARM 模式下创建虚拟机，只能在 ASM 模式下创建 Azure VM 部署, 订阅无法在 ARM 模式下创建虚拟机，只能在 ASM 模式下创建 Azure VM 部署。, virtual-machines
 使用版本 1.0.0 的 Azure ARM SDK for Java 创建虚拟机时报错, 使用版本 1.0.0 的 Azure ARM SDK for Java 创建虚拟机时报错, virtual-machines
 Java 创建 ARM 虚拟机磁盘类型选择的问题, Java 创建 ARM 虚拟机磁盘类型选择的问题, virtual-machines
 Azure 虚拟机诊断设置问题排查, Azure 虚拟机诊断设置问题排查, virtual-machines
 解决由 PowerShell 复制正在运行的虚拟机导致的 HostName 异常问题, 本文用于解决由 PowerShell 复制正在运行的虚拟机导致的 HostName 异常问题, virtual-machines
 虚拟机压力测试延迟高的可能原因及 ILPIP 配置 / 查询脚本, 虚拟机压力测试延迟高的可能原因及 ILPIP 配置 / 查询脚本, virtual-machines
 关于 Azure 虚拟机的临时磁盘的说明, 关于 Azure 虚拟机的临时磁盘的说明, virtual-machines
 虚拟机配置静态 IP 以后无法连接的解决办法, 介绍如何解决虚拟机配置静态 IP 以后无法连接的问题, virtual-machines
 创建基于 AFS 的 Docker 容器卷, 创建基于 AFS 的 Docker 容器卷, virtual-machines
 使用 docker-machine 管理 Azure 容器虚拟机, 如何使用 docker-machine 管理 Azure 容器虚拟机, virtual-machines
" 使用 Load Balancer,Corosync,Pacemaker 搭建 Linux 高可用集群", 使用 LB-corosync-pacemaker 搭建 Linux 高可用集群的详细步骤与测试, virtual-machines-linux
 修改 Linux VM 中单个用户最大进程数的限制, 修改 Linux VM 中单个用户最大进程数的限制, virtual-machines
 如何在 CentOS 上安装或更新 Linux Integration Service, 如何在 CentOS 上安装或更新 Linux Integration Service, virtual-machines-linux
 Java 调用 Rest api 设置经典 Linux 虚拟机的实例启停, 如何使用 Java 调用 Rest api 设置经典 Linux 虚拟机的实例启停, virtual-machines
 使用 acs-engine 部署 Kubernetes 集群, 使用 acs-engine 部署 Kubernetes 集群, multiple
 使用 Azure CLI 在 Azure China Cloud 云平台上手动部署一套 Cloud Foundry, 这篇文章将介绍如何使用 Azure CLI 在 Azure China Cloud 云平台上手动部署一套 Cloud Foundry, virtual-machines
 Azure Linux 虚拟机磁盘加密问题排查指南, Azure Linux 虚拟机磁盘加密问题排查指南, virtual-machines-linux
 如何在 Linux 环境下安装配置 ClamAV 进行病毒扫描, 如何在 Linux 环境下安装配置 ClamAV 进行病毒扫描, virtual-machines-linux
 Linux 虚拟机中配置 GNOME + VNC, 以 CentOS 为例讲述 Linux 虚拟机中配置 GNOME + VNC, virtual-machines-linux
 如何为运行的 ARM Linux 启用 LAD2.3 版本的诊断扩展, 如何为运行的 ARM Linux 启用 LAD2.3 版本的诊断扩展, virtual-machines
 如何为基于 LVM 的 Linux 扩展根文件系统, 如何为基于 LVM 的 Linux 扩展根文件系统, virtual-machines
 如何管理和控制多网卡 Linux 虚拟机的流量走向, 如何管理和控制多网卡 Linux 虚拟机的流量走向, virtual-machines-linux
 在 Linux 中使用 Azure Premium 存储的基本优化指南, 在 Linux 中使用 Azure Premium 存储的基本优化指南, virtual-machines-linux
 Linux 系统如何进行大页面配置, Linux 系统如何进行大页面配置, virtual-machines
 Ambari Server Alert 的故障排查, Ambari Server Alert 的故障排查, virtual-machines-linux
 Linux 配置中文字符集导致诊断设置无法正常工作的问题解决, Linux 配置中文字符集导致诊断设置无法正常工作的问题解决, virtual-machines-linux
 如何解决 Linux 虚拟机磁盘设备名不一致的问题, 如何解决 Linux 虚拟机磁盘设备名不一致的问题, virtual-machines-linux
 Linux 启动诊断日志协助定位虚拟机启动或重启问题, Linux 启动诊断日志协助定位虚拟机启动或重启问题, virtual-machines-linux
 Azure Linux 虚机上配置 RAID 的常见问题及解决方案," 独立硬盘冗余阵列（RAID, Redundant Array of Independent Disks），简称磁盘阵列。能增强数据集成度，增强容错功能，增加处理量或容量。", virtual-machines
 Azure linux虚拟机常见导致无法远程的操作, 对Azure虚拟机的一些操作可能会导致无法远程连接，本文罗列了些常见的场景。, virtual-machines
 Linux 虚拟机的安全审计, Linux 虚拟机的安全审计, virtual-machines-linux
 Linux 虚拟机的安全加固, Linux 虚拟机的安全加固, virtual-machines-linux
 Linux 虚拟机的 SSH 双重登录认证, Linux 虚拟机的 SSH 双重登录认证, virtual-machines-linux
 如何升级 Ubuntu 内核, 如何升级 Ubuntu 内核, virtual-machines-linux
 如何处理 Ubuntu 14.04 虚拟机使用 Azure 文件存储时出现中文乱码的问题, 如何处理 Ubuntu 14.04 虚拟机使用 Azure 文件存储时出现中文乱码的问题, virtual-machines-linux
 如何解决虚拟机频繁分离和附加磁盘导致的识别错误, 如何解决 Linux（CentOS 6.5）频繁分离和附加磁盘导致识别错误的现象, virtual-machines-linux
 Linux 内核超时导致虚拟机无法正常启动, Linux 内核超时导致虚拟机无法正常启动。, virtual-machines
 如何在 Linux 虚拟机上扩展根文件系统, 如何在 Linux 虚拟机上扩展根文件系统, virtual-machines-linux
 Linux 虚拟机虚拟网卡问题导致无法连接问题, Linux 虚拟机虚拟网卡问题导致无法连接问题。, virtual-machines
 Azure 经典模式中虚拟机证书指纹的生成和作用, Azure 经典模式中虚拟机证书指纹的生成和作用, virtual-machines
 '文件系统损坏导致虚拟机无法正常启动的问题及解决方法', '文件系统损坏导致虚拟机无法正常启动的问题及解决方法', virtual-machines
 SSH 无法启动的原因分析及解决方法, 本文介绍 SSH 无法启动的原因分析及解决方法, virtual-machines
 远程桌面到 Ubuntu 虚拟机, 介绍如何远程桌面到 Ubuntu 虚拟机, virtual-machines
 如何激活 Trend Micro Deep Sercurity for Azure, 如何激活使用趋势科技的 DSA, virtual-machines
 为订阅内虚拟机批量安装并配置 Microsoft Anti-Malware 扩展, 为订阅内虚拟机批量安装并配置 Microsoft Anti-Malware 扩展, virtual-machines
 Azure 虚拟机如何配置 AntiMalware, 本文仅演示通过 PowerShell 方式安装并配置 AntiMalware 的过程, virtual-machines
 如何在 Azure 虚拟机里配置条带化, 在 Windows Server 2012 R2 Datacenter 中配置条带化, virtual-machines
 如何通过修改注册表的方式解锁被锁定的用户, 通过修改注册表的方式修复意外操作导致用户的锁定, virtual-machines
 Windows RDP 证书问题导致无法远程了连接解决方案, Windows RDP 证书问题导致无法远程了连接解决方案, virtual-machines-windows
 Azure 中快速搭建 FTPS 服务, Azure 中快速搭建 FTPS 服务, virtual-machines
 在 Azure 虚拟机上配置一般用途文件服务器故障转移群集, 在 Azure 虚拟机上配置一般用途文件服务器故障转移群集, virtual-machines
 如何使用 Windows Server 2016 与 Azure 搭建 S2S VPN 并支持 BGP 协议, 如何使用 Windows Server 2016 与 Azure 搭建 S2S VPN 并支持 BGP 协议, virtual-machines-windows
 使用 PowerShell 创建 Storage Spaces 条带化虚拟机数据磁盘, 使用 PowerShell 创建 Storage Spaces 条带化虚拟机数据磁盘, virtual-machines
 如何使用 Storage Spaces 条带化虚拟机数据磁盘, 如何使用 Storage Spaces 条带化虚拟机数据磁盘, virtual-machines
 Azure Windows 虚拟机自动加域的配置方法和排查思路, Azure Windows 虚拟机自动加域的配置方法和排查思路, virtual-machines-windows
 '如何解决 Azure Windows 2008 R2 虚拟机无法启动 Workstation 服务', '本文用于解决 Azure Windows 2008 R2 虚拟机无法启动 Workstation 服务的问题。', virtual-machines-windows
 如何解决使用 RDP 远程连接 Windows 虚拟机时出现的身份验证错误, 客户端安装 2018 年 5 月累积更新后 RDP 到 Azure 虚拟机出现报错‘出现身份验证错误’, virtual-machines
 Azure Windows 虚拟机中逻辑磁盘被强制脱机, 如何解决 Azure Windows 虚拟机中逻辑磁盘被强制脱机的问题, virtual-machines
 Azure Windows虚拟机常见导致无法远程的操作, 对Azure虚拟机的一些操作可能会导致无法远程连接，本文罗列了常见的几种场景。, virtual-machines
 Azure 虚拟机中的 SQL Server AlwaysOn 可用性组集群配置最佳实践, Azure 虚拟机中的 SQL Server AlwaysOn 可用性组集群配置最佳实践, virtual-machines-windows
 SQL Server 如何将数据库备份到 Azure Storage, SQL Server 如何将数据库备份到 Azure Storage, sql-database
 SQL Server 如何实现大批量数据的自动导入和导出, SQL Server 如何实现大批量数据的自动导入和导出, sql-database
 经典虚拟机添加相应端口并配置 ACL, 本页介绍如何为经典虚拟机添加相应端口并配置 ACL。, virtual-network
 Azure SNAT, Azure SNAT 详解及实际应用分析, virtual-network
 中国区 Azure 与 Palo Alto 之间的网络方案, 中国区 Azure 与 Palo Alto 之间的网络方案, virtual-network
 虚拟网络终结点如何与存储账号防火墙规则配合使用, 虚拟网络服务终结点结合储账号的防火墙规则使用实例分享以及需要注意的问题, virtual-network
 Azure 网络相关名词解释, Azure 网络相关名词解释, multiple
 使用 Powershell 设置 VNET 中的静态 IP, 本页介绍如何使用 PowerShell 来使用静态 IP。, virtual-network
 保留正在使用的 VIP, 本页介绍如何使用 PowerShell 来使用保留 IP。, virtual-network
 Java 调用虚拟网络本地网关的 REST API, 通过 Java 调用虚拟网络网关的 REST API 获取本地网关信息, virtual-network
 'Azure 中使用 iPerf 进行网络带宽测试', '了解 Azure 中使用 iPerf 进行网络带宽测试。', virtual-network
 本文讲解如何使用 Powershell 来生成点到站点连接所使用的自签名证书, 本文讲解如何使用 Powershell 来生成点到站点连接所使用的自签名证书, virtual-network
 将不同订阅中的虚拟网络连接到 ExpressRoute 线路时收到报错'Cannot parse the request', 通过 PowerShell 将不同订阅中的虚拟网络连接到 ExpressRoute, virtual-network
 如何解决使用 nslookup 工具发生异常域名解析行为, DNS Suffix Search List 会影响 nslookup 解析结果, vitual-network
 使用 PsPing &amp; PaPing 进行 TCP 端口连通性测试, 在 Windows 及 Linux 操作系统中分别使用 PsPing 和 PaPing 工具进行 TCP 端口连通性测试, virtual-network
 Azure 中使用 MTR 进行网络故障排查, Azure 中使用 MTR 进行网络故障排查。, virtual-network
 使用 NSG 实现 DMZ 区域, 本页介绍如何使用 Powershell 指令构建 NSG, virtual-network
 使用 Netcat 测试虚拟机 TCP/UDP 端口连通性, 使用 Netcat 测试虚拟机 Tcp/UDP 端口连通性, virtual-network
 使用 PsPing 无法 ping 通 Windows 虚拟机端口, 使用 PsPing 无法 ping 通 Windows 虚拟机端口, virtual-network
 如何排查虚拟网络中虚拟机无法访问网络的问题, 排查虚拟网络中虚拟机无法访问网络的问题, virtual-network
 如何在 Azure VPN 网关上实现网络透传, 如何在 Azure VPN 网关上实现网络透传, vpn-gateway
 如何快速定位本地到 Azure 端 VPN 隧道连通性问题, 如何快速定位本地到 Azure 端 VPN 隧道连通性问题, vpn-gateway
 Azure P2S VPN 如何配置自动重连, Azure P2S VPN 如何配置自动重连, vpn-gateway
 如何使用 Windows Server 2016 与 Azure 搭建支持 BGP 协议的 VPN 通道, 在 Windows Server 2016 中搭建支持 BGP 协议的 VPN 通道, vpn-gateway
 云连接服务快速入门, 云连接服务快速入门。, cloud-connection-service
 '关于 Azure 的账户、平台及服务的介绍（含阿里云相关内容）', 此篇文章旨在帮助广大用户了解关于 Azure 的基础知识，包含账户、平台及服务。在文章中也将重点介绍阿里云与 Azure 平台的主要异同之处。, multiple
 'Azure 与阿里云的服务对照表', 此篇文章旨在帮助你了解 Azure 与阿里云的服务对应。不管你是计划同时使用多个不同的云，还是打算将服务迁移到 Azure，你可以了解两个云服务厂商如何实现特定的功能。, multiple
 Best Practice, Best Practice, multiple
 中国区 Azure 应用程序开发说明, 本文主要介绍中国区 Azure 与国际版 Azure 应用程序开发上的区别, multiple
 获取 Azure 订阅中所用资源的价格和元数据信息 | Azure, 了解如何获取 Azure 订阅中所用资源的价格和元数据信息, billing
 Azure 云服务操作手册 - 第一部分 | Azure, Azure 云服务操作手册 - 第一部分 | Azure, cloud-services
 Azure 云服务操作手册 - 第二部分 | Azure, Azure 云服务操作手册 - 第二部分 | Azure, cloud-services
 人脸识别API+微信应用开发操作手册, 人脸识别API+微信应用开发操作手册, multiple
 Azure 企业门户管理手册 | Azure, 详细介绍如何管理Azure账户、订阅及查看相应的账单。, multiple
 Azure IaaS 用户手册 - 第一部分 | Azure, 详细介绍如何创建和管理 Azure 虚拟机。, virtual-machines-windows
 Azure IaaS 用户手册 - 第二部分 | Azure, 详细介绍如何创建和管理 Azure 虚拟机。, virtual-machines-windows
 Azure IaaS 用户手册 - 第三部分 | Azure, 详细介绍如何创建和管理 Azure 虚拟机。, virtual-machines-windows
 SQL 数据库 + Blob 存储实现托管备份操作手册, SQL 数据库 + Blob 存储实现托管备份操作手册, multiple
 Azure媒体服务实现视频直播操作手册, Azure媒体服务实现视频直播操作手册, multiple
 Azure 媒体服务实现视频点播操作手册, Azure 媒体服务实现视频点播操作手册, multiple
 远程开发测试环境自动化管理解决方案配置手册, 远程开发测试环境自动化管理解决方案配置手册, multiple
 Azure SQL 数据库用户手册 - 第一部分 | Azure, Azure SQL 数据库用户手册 - 第一部分 | Azure, sql-database
 Azure SQL 数据库用户手册 - 第二部分 | Azure, Azure SQL 数据库用户手册 - 第二部分 | Azure, sql-database
 'CentOS, 本文以阿里云为例，阐述的是如何将 CentOS 6.8 的虚拟机迁移到 Azure 环境，同时能保存虚拟机内的数据，不需重新部署应用的方法。, virtual-machines
 'Windows Server, 本文以阿里云为例，阐述如何将 Windows Server 的虚拟机迁移到 Azure 环境，同时能保存虚拟机内的数据，不需重新部署应用的方法。, virtual-machines
 MySQL 数据库 + Web 应用操作手册, MySQL 数据库 + Web 应用操作手册, multiple
 SQL 数据库 + Web 应用操作手册, SQL 数据库 + Web 应用操作手册, multiple
 Azure Web 应用用户手册 - 第一部分 | Azure, 详细介绍如何创建和管理 Azure Web 应用。, app-service-web
 Azure Web 应用用户手册 - 第二部分 | Azure, 详细介绍如何创建和管理 Azure Web 应用。, app-service-web
 Azure Web 应用用户手册 - 第三部分 | Azure, 详细介绍如何创建和管理 Azure Web 应用。, app-service-web
 基于认知服务的智慧云会务管理系统部署说明 | Azure, 基于认知服务的智慧云会务管理系统部署说明, multiple
 盛派自助微信营销系统 | Azure, 盛派自助微信营销系统, multiple
 使用 Azure 资源管理器自动部署 Zabbix 监控服务, 本文介绍如何使用 Azure 资源管理器自动部署 Zabbix 监控服务, azure-resource-manager
 在 Azure 平台配置可用性集 | Azure, 本文介绍如何在创建虚拟机同时创建可用性集、以及如何将现有的虚拟机添加到可用性集, virtual-machines
 在 Azure 虚拟机上快速搭建 ELK 集群 | Azure, 了解如何在 Azure 虚拟机上快速搭建 ELK 集群, virtual-machines
 在 Azure 虚拟机上快速搭建 MongoDB 集群 | Azure, 了解如何在 Azure 虚拟机上快速搭建 MongoDB 集群, virtual-machines
 构建网站集群 | Azure, 本文介绍如何构建大规模网站集群，考虑将网站架构的各个模块解耦，服务化，做到整体水平扩展，支持高并发，大流量的访问。, virtual-machines
 在 Azure Linux 虚拟机上快速搭建单机版 LAMP 网站, 了解如何在 Azure Linux 虚拟机上快速搭建单机版 LAMP 网站, virtual-machines
 Azure Linux 虚拟机上的数据库的备份 | Azure, 本文介绍如何在 Azure Linux 虚拟机上备份 MySQL、Redis、MongoDB 数据库, virtual-machines
 在 Azure Linux 虚拟机上配置 Redis 集群 | Azure, 本文档介绍如何在 Azure Linux 虚拟机上安装配置免费的 Redis 集群。, virtual-machines
 在 Azure Linux 虚拟机上手动安装配置 Zabbix 监控服务, 本文介绍如何在 Azure Linux 虚拟机上配置 zabbix 监控, virtual-machines
 使用 Zabbix 监控 Nginx, 本文介绍在 Azure Linux 虚拟机上使用 Zabbix 监控 Nginx, virtual-machines
 使用 Zabbix 监控 MySQL, 本文介绍如何在 Azure Linux 虚拟机上使用 Zabbix 监控 MySQL, virtual-machines
 在 Azure Linux 虚拟机上安装配置 HAProxy, 了解如何在 Azure Linux 虚拟机上安装配置 HAProxy, virtual-machines
 在 Azure Linux 虚拟机上安装 MySQL, 了解如何在 Azure Linux 虚拟机上安装 MySQL, virtual-machines
 Linux 虚拟机远程连接安全贴士 | Azure, 本文介绍如何安全的远程连接到 Linux 虚拟机, virtual-machines
 在 Azure 中自己搭建 Nginx Web 服务器 | Azure, 本文介绍如何微软的公有云平台 Azure 中搭建 Nginx Web 服务器。, virtual-machines
 在 Azure 虚拟机上管理配置 MongoDB 集群 | Azure, 了解如何管理配置 MongoDB 集群, virtual-machines
